list_id,entry_type,value,display,published_at,source_url
fiu_ind_vda_notice,name,Huione,"Huione Group (Haowang Guarantee, Huione Pay PLC, Huione Crypto): FIU-IND non-compliance notice (offshore crypto platform)",2025-10-01,https://www.pib.gov.in/PressReleasePage.aspx?PRID=2173758&reg=48&lang=2
fiu_ind_vda_notice,name,BC.game,BC.game (BlockDance B.V.): FIU-IND non-compliance notice (offshore crypto platform),2025-10-01,https://www.pib.gov.in/PressReleasePage.aspx?PRID=2173758&reg=48&lang=2
fiu_ind_vda_notice,name,Paxful,Paxful (Paxful Inc.): FIU-IND non-compliance notice (offshore crypto platform),2025-10-01,https://www.pib.gov.in/PressReleasePage.aspx?PRID=2173758&reg=48&lang=2
fiu_ind_vda_notice,name,Changelly,Changelly (Changelly Ltd): FIU-IND non-compliance notice (offshore crypto platform),2025-10-01,https://www.pib.gov.in/PressReleasePage.aspx?PRID=2173758&reg=48&lang=2
fiu_ind_vda_notice,name,CEX.IO,CEX.IO (CEX.IO Ltd): FIU-IND non-compliance notice (offshore crypto platform),2025-10-01,https://www.pib.gov.in/PressReleasePage.aspx?PRID=2173758&reg=48&lang=2
fiu_ind_vda_notice,name,LBank,LBank (LBK Blockchain Co. Limited): FIU-IND non-compliance notice (offshore crypto platform),2025-10-01,https://www.pib.gov.in/PressReleasePage.aspx?PRID=2173758&reg=48&lang=2
fiu_ind_vda_notice,name,YouHodler,YouHodler (YouHodler SA): FIU-IND non-compliance notice (offshore crypto platform),2025-10-01,https://www.pib.gov.in/PressReleasePage.aspx?PRID=2173758&reg=48&lang=2
fiu_ind_vda_notice,name,BingX,BingX (BingX Limited): FIU-IND non-compliance notice (offshore crypto platform),2025-10-01,https://www.pib.gov.in/PressReleasePage.aspx?PRID=2173758&reg=48&lang=2
fiu_ind_vda_notice,name,PrimeXBT,PrimeXBT (PrimeXBT Trading Services LLC): FIU-IND non-compliance notice (offshore crypto platform),2025-10-01,https://www.pib.gov.in/PressReleasePage.aspx?PRID=2173758&reg=48&lang=2
fiu_ind_vda_notice,name,BTCC,BTCC (BTCC UK Limited): FIU-IND non-compliance notice (offshore crypto platform),2025-10-01,https://www.pib.gov.in/PressReleasePage.aspx?PRID=2173758&reg=48&lang=2
fiu_ind_vda_notice,name,CoinEx,CoinEx (CoinEx Exchange): FIU-IND non-compliance notice (offshore crypto platform),2025-10-01,https://www.pib.gov.in/PressReleasePage.aspx?PRID=2173758&reg=48&lang=2
fiu_ind_vda_notice,name,Remitano,Remitano (Babylon Solutions Limited): FIU-IND non-compliance notice (offshore crypto platform),2025-10-01,https://www.pib.gov.in/PressReleasePage.aspx?PRID=2173758&reg=48&lang=2
fiu_ind_vda_notice,name,Poloniex,Poloniex (Polo Digital Assets Ltd): FIU-IND non-compliance notice (offshore crypto platform),2025-10-01,https://www.pib.gov.in/PressReleasePage.aspx?PRID=2173758&reg=48&lang=2
fiu_ind_vda_notice,name,BitMEX,BitMEX (HDR Global Trading Ltd): FIU-IND non-compliance notice (offshore crypto platform),2025-10-01,https://www.pib.gov.in/PressReleasePage.aspx?PRID=2173758&reg=48&lang=2
fiu_ind_vda_notice,name,Bitrue,Bitrue (Bitrue Ltd): FIU-IND non-compliance notice (offshore crypto platform),2025-10-01,https://www.pib.gov.in/PressReleasePage.aspx?PRID=2173758&reg=48&lang=2
fiu_ind_vda_notice,name,LCX,LCX (LCX AG): FIU-IND non-compliance notice (offshore crypto platform),2025-10-01,https://www.pib.gov.in/PressReleasePage.aspx?PRID=2173758&reg=48&lang=2
fiu_ind_vda_notice,name,ProBit Global,ProBit Global (ProBit Global Services Limited): FIU-IND non-compliance notice (offshore crypto platform),2025-10-01,https://www.pib.gov.in/PressReleasePage.aspx?PRID=2173758&reg=48&lang=2
fiu_ind_vda_notice,name,BTSE,BTSE (BTSE Holdings Limited): FIU-IND non-compliance notice (offshore crypto platform),2025-10-01,https://www.pib.gov.in/PressReleasePage.aspx?PRID=2173758&reg=48&lang=2
fiu_ind_vda_notice,name,HitBTC,HitBTC (Hit Solution Limited): FIU-IND non-compliance notice (offshore crypto platform),2025-10-01,https://www.pib.gov.in/PressReleasePage.aspx?PRID=2173758&reg=48&lang=2
fiu_ind_vda_notice,name,LocalCoinSwap,LocalCoinSwap: FIU-IND non-compliance notice (offshore crypto platform),2025-10-01,https://www.pib.gov.in/PressReleasePage.aspx?PRID=2173758&reg=48&lang=2
fiu_ind_vda_notice,name,AscendEX,AscendEX (AscendEX Ltd): FIU-IND non-compliance notice (offshore crypto platform),2025-10-01,https://www.pib.gov.in/PressReleasePage.aspx?PRID=2173758&reg=48&lang=2
fiu_ind_vda_notice,name,Phemex,Phemex (PMX International Limited): FIU-IND non-compliance notice (offshore crypto platform),2025-10-01,https://www.pib.gov.in/PressReleasePage.aspx?PRID=2173758&reg=48&lang=2
fiu_ind_vda_notice,name,Zoomex,Zoomex (Zoomex Pte Ltd): FIU-IND non-compliance notice (offshore crypto platform),2025-10-01,https://www.pib.gov.in/PressReleasePage.aspx?PRID=2173758&reg=48&lang=2
fiu_ind_vda_notice,name,CoinCola,CoinCola (CoinCola Limited): FIU-IND non-compliance notice (offshore crypto platform),2025-10-01,https://www.pib.gov.in/PressReleasePage.aspx?PRID=2173758&reg=48&lang=2
fiu_ind_vda_notice,name,CoinW,CoinW (CoinW Pte Ltd): FIU-IND non-compliance notice (offshore crypto platform),2025-10-01,https://www.pib.gov.in/PressReleasePage.aspx?PRID=2173758&reg=48&lang=2
