domain,entity_name,category,source
360.one,360 ONE Mutual Fund,amc,AMFI list of mobile applications (amfi_apps.html) captured 3 Oct 2026
abakkusmf.com,Abakkus Mutual Fund,amc,AMFI list of mobile applications
adityabirlacapital.com,Aditya Birla Sun Life Mutual Fund,amc,AMFI list of mobile applications
alphagrepmf.ai,AlphaGrep Mutual Fund,amc,AMFI list of mobile applications
angelonemf.com,Angel One Mutual Fund,amc,AMFI list of mobile applications
askmutualfund.com,ASK Mutual Fund,amc,AMFI list of mobile applications
bajajamc.com,Bajaj Finserv Mutual Fund,amc,AMFI list of mobile applications
bandhanmutual.com,Bandhan Mutual Fund,amc,AMFI list of mobile applications
boimf.in,Bank of India Mutual Fund,amc,AMFI list of mobile applications
barodabnpparibasmf.in,Baroda BNP Paribas Mutual Fund,amc,AMFI list of mobile applications
canararobeco.com,Canara Robeco Mutual Fund,amc,AMFI list of mobile applications
capitalmindmf.com,Capitalmind Mutual Fund,amc,AMFI list of mobile applications
carnelianmf.com,Carnelian Mutual Fund,amc,AMFI list of mobile applications
choicemf.com,Choice Mutual Fund,amc,AMFI list of mobile applications
dspim.com,DSP Mutual Fund,amc,AMFI list of mobile applications
edelweissmf.com,Edelweiss Mutual Fund,amc,AMFI list of mobile applications
franklintempletonindia.com,Franklin Templeton Mutual Fund,amc,AMFI list of mobile applications
growwmf.in,Groww Mutual Fund,amc,AMFI list of mobile applications
heliosmf.in,Helios Mutual Fund,amc,AMFI list of mobile applications
hsbc.co.in,HSBC Mutual Fund,amc,AMFI list of mobile applications
ilfsinfrafund.com,IL&FS Mutual Fund (IDF),amc,AMFI list of mobile applications
invescomutualfund.com,Invesco Mutual Fund,amc,AMFI list of mobile applications
itiamc.com,ITI Mutual Fund,amc,AMFI list of mobile applications
jioblackrockamc.com,Jio BlackRock Mutual Fund,amc,AMFI list of mobile applications
jmfinancialmf.com,JM Financial Mutual Fund,amc,AMFI list of mobile applications
lakshyafunds.com,Lakshya Mutual Fund,amc,AMFI list of mobile applications
licmf.com,LIC Mutual Fund,amc,AMFI list of mobile applications
mahindramanulife.com,Mahindra Manulife Mutual Fund,amc,AMFI list of mobile applications
miraeassetmf.co.in,Mirae Asset Mutual Fund,amc,AMFI list of mobile applications
monarchamc.in,Monarch Mutual Fund,amc,AMFI list of mobile applications
motilaloswalmf.com,Motilal Oswal Mutual Fund,amc,AMFI list of mobile applications
navi.com,Navi Mutual Fund,amc,AMFI list of mobile applications
njmutualfund.com,NJ Mutual Fund,amc,AMFI list of mobile applications
oldbridgemf.com,Old Bridge Mutual Fund,amc,AMFI list of mobile applications
pgimindia.com,PGIM India Mutual Fund,amc,AMFI list of mobile applications
ppfas.com,PPFAS Mutual Fund,amc,AMFI list of mobile applications
quantmutual.com,quant Mutual Fund,amc,AMFI list of mobile applications
quantumamc.com,Quantum Mutual Fund,amc,AMFI list of mobile applications
samcomf.com,Samco Mutual Fund,amc,AMFI list of mobile applications
shriramamc.in,Shriram Mutual Fund,amc,AMFI list of mobile applications
sundarammutual.com,Sundaram Mutual Fund,amc,AMFI list of mobile applications
tatamutualfund.com,Tata Mutual Fund,amc,AMFI list of mobile applications
taurusmutualfund.com,Taurus Mutual Fund,amc,AMFI list of mobile applications
wealthcompanyamc.in,The Wealth Company Mutual Fund,amc,AMFI list of mobile applications
trustmf.com,Trust Mutual Fund,amc,AMFI list of mobile applications
unifimf.com,Unifi Mutual Fund,amc,AMFI list of mobile applications
unionmf.com,Union Mutual Fund,amc,AMFI list of mobile applications
utimf.com,UTI Mutual Fund,amc,AMFI list of mobile applications
whiteoakamc.com,WhiteOak Capital Mutual Fund,amc,AMFI list of mobile applications
zerodhafundhouse.com,Zerodha Mutual Fund,amc,AMFI list of mobile applications
